<?xml version="1.0" encoding="UTF-8"?>
<metadata xml:lang="en"><Esri><CreaDate>20250814</CreaDate><CreaTime>22391800</CreaTime><ArcGISFormat>1.0</ArcGISFormat><SyncOnce>TRUE</SyncOnce></Esri><dataIdInfo><idCitation><resTitle>ECY_WAT_WBDWA_HU08.lyr</resTitle></idCitation><idAbs>This geospatial dataset represents the 4th level (8-digit) hydrologic unit boundaries of the Watershed Boundary Dataset (WBD) layer for Washington. It was created by dissolving boundaries from the finer resolution hydrologic units to create these broader boundaries. See metadata for the wbd_wa_poly feature class for a more complete description of the WBD.</idAbs><idCredit/></dataIdInfo></metadata>
